{
"LoopMode": "Wrap",
"FrameDuration": 0.01667,
"EnableCycleOffsetPosition": true,
"EnableCycleOffsetRotation": true,

"Frames":
[
  [0.0, 0.0, 0.29360, 0.0, 0.0, 0.0, 1.0, 0.0, 0.9, -1.8, 0.0, 0.9, -1.8, 0.0, 0.9, -1.8, 0.0, 0.9, -1.8],
  [0.0, 0.0, 0.29360, 0.0, 0.0, 0.0, 1.0, 0.0, 0.9, -1.8, 0.0, 0.9, -1.8, 0.0, 0.9, -1.8, 0.0, 0.9, -1.8]
],
"LinkPos":
[
  [0.00003, 0.00411, 0.29319, 0.17553, -0.05110, 0.28193, 0.16587, -0.11434, 0.25553, 0.21361, -0.13869, 0.10168, 0.31674, -0.13990, 0.09566, 0.17703, 0.04610, 0.28388, 0.15612, 0.10807, 0.26369, 0.10814, 0.11955, 0.09429, 0.18291, 0.11544, 0.02312, -0.17704, -0.04610, 0.30326, -0.20793, -0.10758, 0.28499, -0.27001, -0.11937, 0.10776, -0.20771, -0.11693, 0.02539, -0.17552, 0.05110, 0.30545, -0.20608, 0.11467, 0.29508, -0.27364, 0.14054, 0.14203, -0.20424, 0.14238, 0.06551],
  [0.00003, 0.00411, 0.29319, 0.17553, -0.05110, 0.28193, 0.16587, -0.11434, 0.25553, 0.21361, -0.13869, 0.10168, 0.31674, -0.13990, 0.09566, 0.17703, 0.04610, 0.28388, 0.15612, 0.10807, 0.26369, 0.10814, 0.11955, 0.09429, 0.18291, 0.11544, 0.02312, -0.17704, -0.04610, 0.30326, -0.20793, -0.10758, 0.28499, -0.27001, -0.11937, 0.10776, -0.20771, -0.11693, 0.02539, -0.17552, 0.05110, 0.30545, -0.20608, 0.11467, 0.29508, -0.27364, 0.14054, 0.14203, -0.20424, 0.14238, 0.06551]
]
}