{
"LoopMode": "Wrap",
"FrameDuration": 0.01667,
"EnableCycleOffsetPosition": true,
"EnableCycleOffsetRotation": true,

"Frames":
[
  [0.00000, 0.00000, 0.32190, 0.01362, -0.01807, 0.02450, 0.99944, 0.04855, -0.00726, -1.80588, 0.14766, 0.87726, -2.07303, 0.07700, 0.09760, -1.41977, 0.01435, 0.81301, -1.47266],
  [0.03531, 0.00161, 0.31781, 0.00755, -0.03537, 0.02643, 0.99900, 0.09454, -0.08737, -1.67296, 0.16898, 0.61017, -2.07724, 0.03936, 0.12049, -1.30425, 0.04016, 0.98912, -1.53933],
  [0.06915, 0.00323, 0.31464, 0.00072, -0.04956, 0.02490, 0.99846, 0.14175, -0.14605, -1.52682, 0.16606, 0.31844, -2.00894, 0.01284, 0.22241, -1.31347, 0.06485, 1.14782, -1.57965],
  [0.10348, 0.00606, 0.31188, -0.00734, -0.05903, 0.02187, 0.99799, 0.18074, -0.17175, -1.39575, 0.13179, 0.05870, -1.89675, 0.04092, 0.42260, -1.47736, 0.07888, 1.29730, -1.59685],
  [0.14223, 0.00856, 0.30996, -0.01524, -0.05949, 0.01997, 0.99791, 0.18764, -0.16459, -1.30017, 0.07871, -0.14284, -1.79482, 0.05050, 0.57685, -1.56629, 0.07388, 1.42685, -1.55929],
  [0.18284, 0.01004, 0.31328, -0.02072, -0.04960, 0.02249, 0.99830, 0.15047, -0.13890, -1.21307, -0.02073, -0.29673, -1.70043, 0.07301, 0.70370, -1.59379, 0.06157, 1.47458, -1.45874],
  [0.22746, 0.01101, 0.31835, -0.02414, -0.03619, 0.02695, 0.99869, 0.10097, -0.06661, -1.16014, -0.11497, -0.36293, -1.63951, 0.09465, 0.81373, -1.57778, 0.01454, 1.51364, -1.41783],
  [0.27413, 0.01149, 0.32268, -0.02613, -0.01933, 0.03132, 0.99898, 0.06946, 0.05670, -1.16858, -0.20804, -0.39430, -1.57107, 0.11777, 0.90108, -1.53542, 0.01144, 1.50185, -1.42148],
  [0.32105, 0.01171, 0.32629, -0.02454, 0.00330, 0.03408, 0.99911, 0.04110, 0.21559, -1.27745, -0.28344, -0.41007, -1.55203, 0.13043, 0.94921, -1.46468, 0.02871, 1.47375, -1.45650],
  [0.37070, 0.01161, 0.32886, -0.02142, 0.02985, 0.03587, 0.99868, 0.03532, 0.35873, -1.41853, -0.29474, -0.39475, -1.55012, 0.14845, 0.97346, -1.39615, 0.02368, 1.46353, -1.50987],
  [0.42126, 0.01148, 0.33075, -0.01814, 0.05691, 0.03847, 0.99747, 0.02883, 0.51724, -1.54039, -0.29264, -0.32170, -1.55158, 0.16515, 0.98609, -1.34531, 0.01163, 1.44946, -1.56083],
  [0.47119, 0.01199, 0.33089, -0.01461, 0.08273, 0.04050, 0.99564, 0.02450, 0.66313, -1.62000, -0.24602, -0.22875, -1.53696, 0.18349, 1.03134, -1.37641, 0.00928, 1.39104, -1.61315],
  [0.52012, 0.01211, 0.32996, -0.01012, 0.10562, 0.04307, 0.99342, 0.02687, 0.79912, -1.66102, -0.18898, -0.11912, -1.50516, 0.19544, 1.09166, -1.43624, -0.00058, 1.33704, -1.67610],
  [0.56793, 0.01108, 0.32963, -0.00629, 0.12652, 0.04384, 0.99097, 0.03861, 0.91018, -1.65072, -0.15357, 0.04480, -1.59410, 0.20754, 1.14881, -1.51311, -0.01243, 1.27217, -1.73689],
  [0.61464, 0.00944, 0.32973, -0.00277, 0.14312, 0.04441, 0.98870, 0.05406, 0.99844, -1.59666, -0.10254, 0.21539, -1.71897, 0.22547, 1.20541, -1.61510, -0.01675, 1.18262, -1.78217],
  [0.66154, 0.00697, 0.33112, 0.00052, 0.15171, 0.04398, 0.98745, 0.07281, 1.05919, -1.49377, -0.09005, 0.40475, -1.78177, 0.23772, 1.24087, -1.72717, -0.02616, 1.08068, -1.80931],
  [0.70892, 0.00439, 0.33347, 0.00512, 0.15627, 0.04259, 0.98678, 0.09095, 1.09647, -1.40342, -0.06426, 0.58128, -1.78343, 0.24682, 1.24837, -1.84046, -0.03924, 0.95126, -1.80074],
  [0.75588, 0.00233, 0.33727, 0.00968, 0.15669, 0.04188, 0.98671, 0.08971, 1.11703, -1.38925, -0.05855, 0.73380, -1.73274, 0.25846, 1.23538, -1.94239, -0.05844, 0.80237, -1.75733],
  [0.80169, 0.00057, 0.34224, 0.01248, 0.15258, 0.04160, 0.98734, 0.05514, 1.14643, -1.47363, -0.05300, 0.84813, -1.62928, 0.26782, 1.19554, -2.02461, -0.06980, 0.64488, -1.68876],
  [0.84669, -0.00112, 0.34729, 0.01378, 0.14347, 0.04083, 0.98872, 0.01087, 1.17073, -1.64419, -0.05172, 0.92802, -1.49516, 0.27906, 1.13434, -2.09153, -0.07887, 0.49823, -1.60749],
  [0.89057, -0.00284, 0.35156, 0.01551, 0.13154, 0.03970, 0.99039, -0.02038, 1.13219, -1.82893, -0.05773, 0.98947, -1.37825, 0.27701, 1.04762, -2.12347, -0.09074, 0.35757, -1.51464],
  [0.93410, -0.00415, 0.35429, 0.01712, 0.11754, 0.03927, 0.99214, -0.05597, 1.01621, -1.97404, -0.05411, 1.04900, -1.32417, 0.26693, 0.94454, -2.13025, -0.10074, 0.22882, -1.41741],
  [0.97702, -0.00524, 0.35584, 0.01887, 0.10383, 0.03957, 0.99363, -0.08624, 0.82965, -2.06664, -0.05285, 1.12139, -1.37889, 0.24478, 0.82239, -2.10846, -0.10551, 0.11586, -1.30970],
  [1.01958, -0.00569, 0.35583, 0.01984, 0.09018, 0.04086, 0.99489, -0.10394, 0.60091, -2.10937, -0.02910, 1.19688, -1.50672, 0.20858, 0.67541, -2.05034, -0.10584, 0.04492, -1.20979],
  [1.06300, -0.00624, 0.35386, 0.02015, 0.07568, 0.04093, 0.99609, -0.09694, 0.37824, -2.10839, -0.00243, 1.28885, -1.71361, 0.15600, 0.52731, -1.95717, -0.08314, 0.04815, -1.15487],
  [1.10621, -0.00681, 0.35092, 0.01950, 0.05918, 0.04270, 0.99714, -0.07039, 0.19060, -2.06031, 0.01780, 1.31760, -1.92736, 0.10328, 0.38010, -1.82754, -0.04902, 0.10726, -1.12233],
  [1.14952, -0.00741, 0.34682, 0.01687, 0.04101, 0.04664, 0.99793, -0.03652, 0.05070, -1.98033, 0.05720, 1.24526, -2.08385, 0.06007, 0.24592, -1.67041, -0.01194, 0.22860, -1.09462],
  [1.19247, -0.00773, 0.34096, 0.01329, 0.01939, 0.05258, 0.99834, 0.00561, -0.04545, -1.87356, 0.08860, 1.07521, -2.17714, 0.01924, 0.13938, -1.50253, 0.03025, 0.40470, -1.16289],
  [1.23636, -0.00775, 0.33304, 0.00859, -0.00582, 0.05773, 0.99828, 0.01209, -0.08210, -1.75589, 0.08812, 0.83393, -2.20281, -0.01538, 0.08094, -1.35938, 0.07823, 0.64428, -1.31226]
],